date,p
2020-01-01_00:00,1008.1971428571429
2020-01-01_06:00,1008.1713888888888
2020-01-01_12:00,1006.3675000000001
2020-01-01_18:00,1005.133611111111
2020-01-02_00:00,1003.4300000000001
2020-01-02_06:00,1002.0161111111112
2020-01-02_12:00,999.2869444444445
2020-01-02_18:00,999.4708333333333
2020-01-03_00:00,996.7747222222222
2020-01-03_06:00,994.3711111111111
2020-01-03_12:00,991.7602777777779
2020-01-03_18:00,992.3055555555555
2020-01-04_00:00,997.5358333333334
2020-01-04_06:00,998.3711111111111
2020-01-04_12:00,996.2311111111111
2020-01-04_18:00,1000.8388888888888
2020-01-05_00:00,1005.4583333333334
2020-01-05_06:00,1008.0797222222222
2020-01-05_12:00,1007.7438888888888
2020-01-05_18:00,1007.1394444444444
2020-01-06_00:00,1004.928888888889
2020-01-06_06:00,1003.3966666666666
2020-01-06_12:00,999.9272222222221
2020-01-06_18:00,996.7933333333333
2020-01-07_00:00,995.431111111111
2020-01-07_06:00,998.5741666666667
2020-01-07_12:00,1001.4908333333333
2020-01-07_18:00,1002.1383333333334
2020-01-08_00:00,999.7033333333334
2020-01-08_06:00,998.6616666666666
2020-01-08_12:00,998.2838888888889
2020-01-08_18:00,998.7169444444444
2020-01-09_00:00,997.2905555555556
2020-01-09_06:00,993.4708333333333
2020-01-09_12:00,989.4216666666666
2020-01-09_18:00,987.5300000000001
2020-01-10_00:00,986.6550000000001
2020-01-10_06:00,989.1052777777778
2020-01-10_12:00,991.1725
2020-01-10_18:00,996.7130555555555
2020-01-11_00:00,1002.5202777777779
2020-01-11_06:00,1005.7161111111111
2020-01-11_12:00,1004.9000000000001
2020-01-11_18:00,1003.1744444444444
2020-01-12_00:00,1000.2080555555555
2020-01-12_06:00,997.9213888888888
2020-01-12_12:00,995.8558333333333
2020-01-12_18:00,996.6188888888888
2020-01-13_00:00,997.0936111111112
2020-01-13_06:00,996.313888888889
2020-01-13_12:00,993.3277777777779
2020-01-13_18:00,990.8538888888888
2020-01-14_00:00,987.7152777777778
2020-01-14_06:00,986.6369444444445
2020-01-14_12:00,986.6416666666667
2020-01-14_18:00,987.4616666666667
2020-01-15_00:00,988.6377777777777
2020-01-15_06:00,990.1855555555555
2020-01-15_12:00,989.926111111111
2020-01-15_18:00,993.2244444444445
2020-01-16_00:00,997.7674999999999
2020-01-16_06:00,1001.7041666666667
2020-01-16_12:00,1001.1319444444445
2020-01-16_18:00,1000.3086111111111
2020-01-17_00:00,997.3819444444445
2020-01-17_06:00,994.11
2020-01-17_12:00,990.4124999999999
2020-01-17_18:00,991.2913888888888
2020-01-18_00:00,994.1086111111113
2020-01-18_06:00,997.2786111111111
2020-01-18_12:00,997.548888888889
2020-01-18_18:00,999.1730555555556
2020-01-19_00:00,1001.4652777777778
2020-01-19_06:00,1005.2191666666666
2020-01-19_12:00,1009.1374999999999
2020-01-19_18:00,1013.5394444444444
2020-01-20_00:00,1016.4966666666666
2020-01-20_06:00,1018.8833333333334
2020-01-20_12:00,1019.4005555555555
2020-01-20_18:00,1018.9022222222223
2020-01-21_00:00,1017.1411111111112
2020-01-21_06:00,1015.6044444444445
2020-01-21_12:00,1013.1044444444445
2020-01-21_18:00,1011.1219444444445
2020-01-22_00:00,1008.7316666666666
2020-01-22_06:00,1007.3425000000001
2020-01-22_12:00,1006.6780555555556
2020-01-22_18:00,1008.3236111111112
2020-01-23_00:00,1008.4797222222221
2020-01-23_06:00,1007.5255555555555
2020-01-23_12:00,1004.1405555555555
2020-01-23_18:00,1001.0727777777779
2020-01-24_00:00,998.5608333333334
2020-01-24_06:00,997.0441666666668
2020-01-24_12:00,995.5355555555556
2020-01-24_18:00,995.7850000000001
2020-01-25_00:00,995.2938888888889
2020-01-25_06:00,996.0011111111112
2020-01-25_12:00,995.0672222222222
2020-01-25_18:00,994.6522222222221
2020-01-26_00:00,993.6730555555556
2020-01-26_06:00,993.138611111111
2020-01-26_12:00,991.3052777777777
2020-01-26_18:00,990.4944444444445
2020-01-27_00:00,989.2502777777778
2020-01-27_06:00,987.1508333333334
2020-01-27_12:00,983.4677777777777
2020-01-27_18:00,978.7169444444444
2020-01-28_00:00,972.938888888889
2020-01-28_06:00,968.8697222222222
2020-01-28_12:00,968.7566666666667
2020-01-28_18:00,972.866388888889
2020-01-29_00:00,974.625
2020-01-29_06:00,977.7786111111111
2020-01-29_12:00,979.9599999999999
2020-01-29_18:00,984.2491666666667
2020-01-30_00:00,986.4252777777778
2020-01-30_06:00,985.1491666666667
2020-01-30_12:00,983.3377777777779
2020-01-30_18:00,979.0
2020-01-31_00:00,976.2275000000001
2020-01-31_06:00,980.378611111111
2020-01-31_12:00,982.4083333333333
2020-01-31_18:00,983.4416666666667
2020-02-01_00:00,981.9583333333334
2020-02-01_06:00,979.3852777777779
2020-02-01_12:00,976.7508333333333
2020-02-01_18:00,979.11
2020-02-02_00:00,983.1219444444445
2020-02-02_06:00,983.9905555555556
2020-02-02_12:00,979.4011111111112
2020-02-02_18:00,980.4283333333333
2020-02-03_00:00,982.0911111111111
2020-02-03_06:00,983.7219444444444
2020-02-03_12:00,984.5966666666668
2020-02-03_18:00,982.7716666666666
2020-02-04_00:00,975.4202777777778
2020-02-04_06:00,980.8891666666667
2020-02-04_12:00,984.4275
2020-02-04_18:00,989.6863888888888
2020-02-05_00:00,994.8233333333333
2020-02-05_06:00,1003.1419444444444
2020-02-05_12:00,1006.6713888888888
2020-02-05_18:00,1007.1983333333333
2020-02-06_00:00,1005.4047222222222
2020-02-06_06:00,1004.1577777777778
2020-02-06_12:00,1003.3505555555556
2020-02-06_18:00,1003.1872222222222
2020-02-07_00:00,1003.01
2020-02-07_06:00,1003.3677777777777
2020-02-07_12:00,1002.0444444444444
2020-02-07_18:00,1000.4691666666666
2020-02-08_00:00,998.4858333333333
2020-02-08_06:00,997.3513888888889
2020-02-08_12:00,995.9416666666667
2020-02-08_18:00,996.1374999999999
2020-02-09_00:00,994.8791666666667
2020-02-09_06:00,991.7811111111112
2020-02-09_12:00,983.4527777777779
2020-02-09_18:00,973.5397222222223
2020-02-10_00:00,965.6225000000001
2020-02-10_06:00,966.9122222222221
2020-02-10_12:00,973.6483333333332
2020-02-10_18:00,971.5005555555555
2020-02-11_00:00,969.6925
2020-02-11_06:00,974.7216666666668
2020-02-11_12:00,976.3252777777777
2020-02-11_18:00,979.7874999999999
2020-02-12_00:00,982.5219444444444
2020-02-12_06:00,984.0088888888889
2020-02-12_12:00,985.7327777777778
2020-02-12_18:00,988.7075
2020-02-13_00:00,990.2791666666667
2020-02-13_06:00,988.0511111111113
2020-02-13_12:00,979.6913888888889
2020-02-13_18:00,976.3438888888888
2020-02-14_00:00,980.5311111111112
2020-02-14_06:00,987.998611111111
2020-02-14_12:00,993.635
2020-02-14_18:00,997.9858333333333
2020-02-15_00:00,998.4822222222223
2020-02-15_06:00,996.7874999999999
2020-02-15_12:00,994.0155555555555
2020-02-15_18:00,991.5238888888889
2020-02-16_00:00,988.8288888888887
2020-02-16_06:00,986.5550000000001
2020-02-16_12:00,982.5986111111112
2020-02-16_18:00,979.87
2020-02-17_00:00,984.2733333333332
2020-02-17_06:00,988.8313888888889
2020-02-17_12:00,988.6361111111112
2020-02-17_18:00,989.6863888888888
2020-02-18_00:00,991.4522222222222
2020-02-18_06:00,994.2361111111111
2020-02-18_12:00,995.26
2020-02-18_18:00,994.5988888888888
2020-02-19_00:00,990.0933333333334
2020-02-19_06:00,986.5080555555555
2020-02-19_12:00,990.5405555555556
2020-02-19_18:00,994.4772222222223
2020-02-20_00:00,994.5625
2020-02-20_06:00,993.371388888889
2020-02-20_12:00,990.895
2020-02-20_18:00,986.4525
2020-02-21_00:00,988.1872222222222
2020-02-21_06:00,996.5866666666667
2020-02-21_12:00,999.0938888888888
2020-02-21_18:00,999.7172222222222
2020-02-22_00:00,997.2147222222223
2020-02-22_06:00,994.126388888889
2020-02-22_12:00,991.4250000000001
2020-02-22_18:00,992.6933333333333
2020-02-23_00:00,992.0594444444445
2020-02-23_06:00,988.1211111111111
2020-02-23_12:00,980.308888888889
2020-02-23_18:00,985.2727777777777
2020-02-24_00:00,994.1658333333334
2020-02-24_06:00,995.3022222222221
2020-02-24_12:00,988.511388888889
2020-02-24_18:00,979.763611111111
2020-02-25_00:00,976.4549999999999
2020-02-25_06:00,974.1430555555556
2020-02-25_12:00,972.1202777777778
2020-02-25_18:00,970.4272222222221
2020-02-26_00:00,967.7874999999999
2020-02-26_06:00,967.7972222222221
2020-02-26_12:00,970.6563888888888
2020-02-26_18:00,975.9975000000001
2020-02-27_00:00,978.3588888888888
2020-02-27_06:00,978.4827777777778
2020-02-27_12:00,972.6497222222222
2020-02-27_18:00,972.0858333333332
2020-02-28_00:00,981.2249999999999
2020-02-28_06:00,988.3355555555556
2020-02-28_12:00,990.4191666666668
2020-02-28_18:00,986.9158333333334
2020-02-29_00:00,980.0111111111112
2020-02-29_06:00,974.9636111111112
2020-02-29_12:00,969.5255555555555
2020-02-29_18:00,969.7794444444444
2020-03-01_00:00,972.6658333333334
2020-03-01_06:00,972.1513888888888
2020-03-01_12:00,970.8477777777777
2020-03-01_18:00,969.1502777777779
2020-03-02_00:00,966.6111111111111
2020-03-02_06:00,969.5744444444445
2020-03-02_12:00,966.1108333333333
2020-03-02_18:00,965.4508333333334
2020-03-03_00:00,967.0777777777779
2020-03-03_06:00,971.9183333333333
2020-03-03_12:00,975.8225
2020-03-03_18:00,980.1027777777776
2020-03-04_00:00,983.1280555555555
2020-03-04_06:00,984.7955555555556
2020-03-04_12:00,984.4608333333332
2020-03-04_18:00,984.6544444444444
2020-03-05_00:00,982.2980555555556
2020-03-05_06:00,978.4161111111111
2020-03-05_12:00,971.5791666666667
2020-03-05_18:00,966.5080555555555
2020-03-06_00:00,962.9377777777778
2020-03-06_06:00,963.5024999999999
2020-03-06_12:00,967.0911111111111
2020-03-06_18:00,973.7358333333333
2020-03-07_00:00,979.2747222222222
2020-03-07_06:00,985.9549999999999
2020-03-07_12:00,990.9483333333333
2020-03-07_18:00,993.9888888888888
2020-03-08_00:00,993.4791666666666
2020-03-08_06:00,991.8458333333333
2020-03-08_12:00,988.6822222222222
2020-03-08_18:00,986.1577777777778
2020-03-09_00:00,983.6066666666668
2020-03-09_06:00,984.3766666666666
2020-03-09_12:00,986.1447222222222
2020-03-09_18:00,988.8413888888889
2020-03-10_00:00,987.2622222222222
2020-03-10_06:00,982.6891666666666
2020-03-10_12:00,980.1369444444445
2020-03-10_18:00,978.9725000000001
2020-03-11_00:00,979.9955555555555
2020-03-11_06:00,984.4752777777778
2020-03-11_12:00,986.0819444444444
2020-03-11_18:00,986.186111111111
2020-03-12_00:00,982.8694444444445
2020-03-12_06:00,980.8013888888888
2020-03-12_12:00,983.5805555555556
2020-03-12_18:00,984.9858333333333
2020-03-13_00:00,985.6322222222223
2020-03-13_06:00,987.313888888889
2020-03-13_12:00,988.9608333333334
2020-03-13_18:00,992.4816666666666
2020-03-14_00:00,994.6005555555556
2020-03-14_06:00,996.501388888889
2020-03-14_12:00,996.3394444444444
2020-03-14_18:00,996.9588888888889
2020-03-15_00:00,996.3608333333333
2020-03-15_06:00,994.6938888888888
2020-03-15_12:00,991.0105555555555
2020-03-15_18:00,989.6094444444445
2020-03-16_00:00,989.8658333333333
2020-03-16_06:00,992.0816666666667
2020-03-16_12:00,993.3452777777778
2020-03-16_18:00,996.6711111111113
2020-03-17_00:00,998.5191666666667
2020-03-17_06:00,1000.8941666666667
2020-03-17_12:00,1002.1241666666667
2020-03-17_18:00,1002.6899999999999
2020-03-18_00:00,1002.3844444444444
2020-03-18_06:00,1001.9244444444444
2020-03-18_12:00,999.2266666666668
2020-03-18_18:00,998.758611111111
2020-03-19_00:00,998.6941666666667
2020-03-19_06:00,998.7575000000002
2020-03-19_12:00,997.4194444444444
2020-03-19_18:00,997.5433333333333
2020-03-20_00:00,996.8972222222224
2020-03-20_06:00,996.9275
2020-03-20_12:00,997.2141666666666
2020-03-20_18:00,998.9283333333333
2020-03-21_00:00,998.8661111111111
2020-03-21_06:00,1000.1602777777777
2020-03-21_12:00,1001.2538888888889
2020-03-21_18:00,1002.9119444444445
2020-03-22_00:00,1004.4597222222224
2020-03-22_06:00,1006.5811111111111
2020-03-22_12:00,1006.8363888888889
2020-03-22_18:00,1009.0955555555556
2020-03-23_00:00,1010.2308333333333
2020-03-23_06:00,1010.9788888888888
2020-03-23_12:00,1008.8216666666667
2020-03-23_18:00,1008.7708333333334
2020-03-24_00:00,1008.4902777777778
2020-03-24_06:00,1008.9791666666666
2020-03-24_12:00,1006.4611111111111
2020-03-24_18:00,1005.3919444444444
2020-03-25_00:00,1004.5486111111111
2020-03-25_06:00,1003.37
2020-03-25_12:00,1000.4269444444445
2020-03-25_18:00,999.2419444444445
2020-03-26_00:00,997.9305555555555
2020-03-26_06:00,997.6216666666666
2020-03-26_12:00,995.7013888888889
2020-03-26_18:00,995.6627777777778
2020-03-27_00:00,994.1016666666668
2020-03-27_06:00,993.7138888888888
2020-03-27_12:00,991.4688888888888
2020-03-27_18:00,992.4525
2020-03-28_00:00,992.8272222222222
2020-03-28_06:00,993.5408333333334
2020-03-28_12:00,991.6591666666668
2020-03-28_18:00,991.9888888888888
2020-03-29_00:00,992.8022222222221
2020-03-29_06:00,993.7094444444444
2020-03-29_12:00,995.9430555555555
2020-03-29_18:00,1001.0258333333334
2020-03-30_00:00,1002.561111111111
2020-03-30_06:00,1001.7169444444444
2020-03-30_12:00,998.5350000000001
2020-03-30_18:00,998.7730555555556
2020-03-31_00:00,999.8252777777777
2020-03-31_06:00,1002.3902777777779
2020-03-31_12:00,1001.8747222222222
2020-03-31_18:00,1000.9536111111112
2020-04-01_00:00,998.6130555555555
2020-04-01_06:00,996.4730555555556
2020-04-01_12:00,991.8041666666666
2020-04-01_18:00,989.9599999999999
2020-04-02_00:00,988.9825000000001
2020-04-02_06:00,987.6566666666666
2020-04-02_12:00,983.1672222222221
2020-04-02_18:00,982.8558333333333
2020-04-03_00:00,983.6513888888888
2020-04-03_06:00,986.7972222222221
2020-04-03_12:00,989.0116666666667
2020-04-03_18:00,991.6322222222223
2020-04-04_00:00,994.3491666666666
2020-04-04_06:00,997.9880555555555
2020-04-04_12:00,998.7227777777779
2020-04-04_18:00,1000.3752777777778
2020-04-05_00:00,1001.0316666666666
2020-04-05_06:00,1001.5294444444444
2020-04-05_12:00,998.361388888889
2020-04-05_18:00,996.6258333333333
2020-04-06_00:00,995.6255555555555
2020-04-06_06:00,996.1897222222223
2020-04-06_12:00,995.7322222222223
2020-04-06_18:00,997.5625
2020-04-07_00:00,1000.5286111111111
2020-04-07_06:00,1003.9827777777778
2020-04-07_12:00,1004.0363888888888
2020-04-07_18:00,1003.8380555555555
2020-04-08_00:00,1002.9019444444444
2020-04-08_06:00,1001.3536111111111
2020-04-08_12:00,997.373611111111
2020-04-08_18:00,996.5522222222221
2020-04-09_00:00,996.0905555555556
2020-04-09_06:00,997.2527777777777
2020-04-09_12:00,997.1691666666666
2020-04-09_18:00,998.2661111111112
2020-04-10_00:00,999.2605555555555
2020-04-10_06:00,999.6227777777777
2020-04-10_12:00,997.3872222222222
2020-04-10_18:00,998.2052777777777
2020-04-11_00:00,999.5625
2020-04-11_06:00,1000.4172222222221
2020-04-11_12:00,998.0916666666667
2020-04-11_18:00,996.6591666666668
2020-04-12_00:00,994.1447222222222
2020-04-12_06:00,991.7566666666667
2020-04-12_12:00,987.3191666666667
2020-04-12_18:00,985.5441666666666
2020-04-13_00:00,984.8033333333333
2020-04-13_06:00,987.8513888888889
2020-04-13_12:00,990.6194444444445
2020-04-13_18:00,992.1675
2020-04-14_00:00,993.9458333333334
2020-04-14_06:00,996.5283333333332
2020-04-14_12:00,997.0247222222222
2020-04-14_18:00,997.811111111111
2020-04-15_00:00,998.2416666666666
2020-04-15_06:00,998.3230555555555
2020-04-15_12:00,996.0652777777777
2020-04-15_18:00,994.7722222222224
2020-04-16_00:00,993.4433333333333
2020-04-16_06:00,992.0875000000001
2020-04-16_12:00,988.5033333333334
2020-04-16_18:00,988.2688888888889
2020-04-17_00:00,990.0849999999999
2020-04-17_06:00,991.0744444444445
2020-04-17_12:00,989.5361111111112
2020-04-17_18:00,989.7480555555555
2020-04-18_00:00,990.0416666666666
2020-04-18_06:00,990.4808333333333
2020-04-18_12:00,988.3422222222222
2020-04-18_18:00,988.5897222222221
2020-04-19_00:00,990.071111111111
2020-04-19_06:00,992.5516666666667
2020-04-19_12:00,993.2172222222222
2020-04-19_18:00,994.5908333333332
2020-04-20_00:00,995.7111111111111
2020-04-20_06:00,996.3752777777778
2020-04-20_12:00,994.631388888889
2020-04-20_18:00,994.7877777777778
2020-04-21_00:00,994.8861111111112
2020-04-21_06:00,994.8808333333333
2020-04-21_12:00,994.1108333333333
2020-04-21_18:00,994.9738888888888
2020-04-22_00:00,995.993611111111
2020-04-22_06:00,996.5722222222222
2020-04-22_12:00,994.9375
2020-04-22_18:00,995.2141666666666
2020-04-23_00:00,996.2497222222222
2020-04-23_06:00,996.5530555555556
2020-04-23_12:00,993.1077777777778
2020-04-23_18:00,990.4058333333334
2020-04-24_00:00,987.8605555555556
2020-04-24_06:00,985.1666666666666
2020-04-24_12:00,982.2930555555556
2020-04-24_18:00,981.7422222222223
2020-04-25_00:00,983.1716666666666
2020-04-25_06:00,985.7994444444444
2020-04-25_12:00,985.7708333333334
2020-04-25_18:00,985.1438888888889
2020-04-26_00:00,985.5852777777777
2020-04-26_06:00,985.8622222222223
2020-04-26_12:00,983.8691666666667
2020-04-26_18:00,983.6230555555555
2020-04-27_00:00,983.8802777777778
2020-04-27_06:00,983.2019444444445
2020-04-27_12:00,980.5394444444444
2020-04-27_18:00,980.0500000000001
2020-04-28_00:00,980.0388888888889
2020-04-28_06:00,979.1452777777779
2020-04-28_12:00,977.4944444444445
2020-04-28_18:00,977.565
2020-04-29_00:00,977.9058333333334
2020-04-29_06:00,979.3233333333333
2020-04-29_12:00,979.246388888889
2020-04-29_18:00,980.4322222222222
2020-04-30_00:00,980.1402777777779
2020-04-30_06:00,978.4941666666667
2020-04-30_12:00,977.6661111111111
2020-04-30_18:00,977.0494444444444
2020-05-01_00:00,977.1624999999999
2020-05-01_06:00,977.0463888888888
2020-05-01_12:00,976.0450000000001
2020-05-01_18:00,976.8958333333334
2020-05-02_00:00,978.1069444444444
2020-05-02_06:00,980.0958333333333
2020-05-02_12:00,981.9041666666667
2020-05-02_18:00,984.9136111111111
2020-05-03_00:00,988.3027777777778
2020-05-03_06:00,991.1616666666666
2020-05-03_12:00,991.4705555555556
2020-05-03_18:00,991.4408333333334
2020-05-04_00:00,990.7708333333334
2020-05-04_06:00,989.9577777777779
2020-05-04_12:00,990.0500000000001
2020-05-04_18:00,991.6875
2020-05-05_00:00,992.3641666666667
2020-05-05_06:00,992.9380555555555
2020-05-05_12:00,992.6466666666666
2020-05-05_18:00,994.4188888888889
2020-05-06_00:00,996.4705555555556
2020-05-06_06:00,997.7472222222223
2020-05-06_12:00,996.6416666666667
2020-05-06_18:00,996.3774999999999
2020-05-07_00:00,997.5766666666667
2020-05-07_06:00,997.2422222222223
2020-05-07_12:00,995.6424999999999
2020-05-07_18:00,994.4744444444445
2020-05-08_00:00,993.1697222222223
2020-05-08_06:00,992.0108333333333
2020-05-08_12:00,990.0625
2020-05-08_18:00,989.9941666666667
2020-05-09_00:00,989.8225
2020-05-09_06:00,989.0858333333334
2020-05-09_12:00,986.3249999999999
2020-05-09_18:00,984.3597222222221
2020-05-10_00:00,982.1108333333333
2020-05-10_06:00,980.4991666666667
2020-05-10_12:00,978.1836111111111
2020-05-10_18:00,977.8983333333332
2020-05-11_00:00,977.9230555555556
2020-05-11_06:00,979.9752777777778
2020-05-11_12:00,981.3525000000001
2020-05-11_18:00,985.5152777777779
2020-05-12_00:00,989.9738888888888
2020-05-12_06:00,991.8518918918918
2020-05-12_12:00,990.6177777777777
2020-05-12_18:00,989.2808333333334
2020-05-13_00:00,987.7863888888888
2020-05-13_06:00,987.1574999999999
2020-05-13_12:00,984.2800000000001
2020-05-13_18:00,983.8877777777777
2020-05-14_00:00,986.7175000000001
2020-05-14_06:00,990.6863888888888
2020-05-14_12:00,991.3480555555556
2020-05-14_18:00,991.5933333333334
2020-05-15_00:00,991.0944444444444
2020-05-15_06:00,991.5172222222222
2020-05-15_12:00,992.3530555555556
2020-05-15_18:00,994.4505555555556
2020-05-16_00:00,996.1488888888889
2020-05-16_06:00,996.7166666666667
2020-05-16_12:00,994.3388888888888
2020-05-16_18:00,993.4580555555555
2020-05-17_00:00,993.7508333333333
2020-05-17_06:00,995.9697222222223
2020-05-17_12:00,996.0350000000001
2020-05-17_18:00,996.2097222222224
2020-05-18_00:00,997.0622222222222
2020-05-18_06:00,996.9383333333333
2020-05-18_12:00,994.5675
2020-05-18_18:00,994.1547222222222
2020-05-19_00:00,994.4397222222223
2020-05-19_06:00,994.4869444444444
2020-05-19_12:00,993.1986111111112
2020-05-19_18:00,994.3911111111112
2020-05-20_00:00,994.5430555555556
2020-05-20_06:00,995.4672222222222
2020-05-20_12:00,995.7102777777777
2020-05-20_18:00,996.1486111111111
2020-05-21_00:00,996.6727777777778
2020-05-21_06:00,997.4191666666666
2020-05-21_12:00,995.8394444444444
2020-05-21_18:00,995.7783333333332
2020-05-22_00:00,995.4647222222223
2020-05-22_06:00,994.2202777777778
2020-05-22_12:00,993.1877777777778
2020-05-22_18:00,992.5158333333334
2020-05-23_00:00,993.2905555555556
2020-05-23_06:00,994.4352777777777
2020-05-23_12:00,995.6966666666667
2020-05-23_18:00,998.2772222222223
2020-05-24_00:00,999.7788888888889
2020-05-24_06:00,1000.0444444444444
2020-05-24_12:00,999.9425
2020-05-24_18:00,1001.1305555555555
2020-05-25_00:00,1001.5030555555555
2020-05-25_06:00,1001.8402777777778
2020-05-25_12:00,1003.3100000000001
2020-05-25_18:00,1005.7230555555556
2020-05-26_00:00,1006.8552777777778
2020-05-26_06:00,1008.3533333333334
2020-05-26_12:00,1007.8272222222222
2020-05-26_18:00,1007.6352777777779
2020-05-27_00:00,1007.5625
2020-05-27_06:00,1007.0119444444445
2020-05-27_12:00,1004.355
2020-05-27_18:00,1002.823888888889
2020-05-28_00:00,1003.4100000000001
2020-05-28_06:00,1004.2275000000001
2020-05-28_12:00,1002.676111111111
2020-05-28_18:00,1001.8791666666667
2020-05-29_00:00,1002.3983333333332
2020-05-29_06:00,1002.5651851851851
2020-05-29_12:00,1000.193888888889
2020-05-29_18:00,998.5758333333334
2020-05-30_00:00,998.0458333333333
2020-05-30_06:00,997.8047222222223
2020-05-30_12:00,996.3466666666668
2020-05-30_18:00,995.7297222222221
2020-05-31_00:00,995.4347222222223
2020-05-31_06:00,996.0002777777778
2020-05-31_12:00,995.061111111111
2020-05-31_18:00,995.1302777777778
2020-06-01_00:00,996.4277777777778
2020-06-01_06:00,997.1708333333333
2020-06-01_12:00,995.1813888888888
2020-06-01_18:00,994.2005555555556
2020-06-02_00:00,994.1902777777777
2020-06-02_06:00,993.5838888888889
2020-06-02_12:00,989.5294444444444
2020-06-02_18:00,986.2455555555555
2020-06-03_00:00,983.5041666666667
2020-06-03_06:00,980.9463888888889
2020-06-03_12:00,977.7038888888887
2020-06-03_18:00,976.0997222222223
2020-06-04_00:00,972.7302777777778
2020-06-04_06:00,970.1994444444445
2020-06-04_12:00,968.2641666666667
2020-06-04_18:00,967.8633333333333
2020-06-05_00:00,969.3199999999999
2020-06-05_06:00,971.6783333333333
2020-06-05_12:00,970.4711111111111
2020-06-05_18:00,970.9441666666667
2020-06-06_00:00,974.5330555555556
2020-06-06_06:00,976.2566666666667
2020-06-06_12:00,977.4663888888889
2020-06-06_18:00,979.0283333333332
2020-06-07_00:00,979.7063888888889
2020-06-07_06:00,980.9894444444445
2020-06-07_12:00,982.2208333333333
2020-06-07_18:00,984.5888888888888
2020-06-08_00:00,986.0283333333332
2020-06-08_06:00,987.548888888889
2020-06-08_12:00,987.5224999999999
2020-06-08_18:00,988.1561111111112
2020-06-09_00:00,988.7633333333334
2020-06-09_06:00,989.4022222222223
2020-06-09_12:00,988.9094444444444
2020-06-09_18:00,989.3669444444445
2020-06-10_00:00,988.7297222222221
2020-06-10_06:00,988.2144444444444
2020-06-10_12:00,986.7061111111111
2020-06-10_18:00,985.9222222222221
2020-06-11_00:00,984.8041666666666
2020-06-11_06:00,984.3488888888888
2020-06-11_12:00,984.4738888888888
2020-06-11_18:00,984.7941666666666
2020-06-12_00:00,984.7516666666666
2020-06-12_06:00,984.5833333333334
2020-06-12_12:00,982.4191666666666
2020-06-12_18:00,982.1766666666667
2020-06-13_00:00,983.4544444444444
2020-06-13_06:00,984.0877777777779
2020-06-13_12:00,982.0525
2020-06-13_18:00,982.681111111111
2020-06-14_00:00,984.0327777777778
2020-06-14_06:00,984.9666666666667
2020-06-14_12:00,985.6294444444445
2020-06-14_18:00,986.1633333333333
2020-06-15_00:00,986.5594444444445
2020-06-15_06:00,987.5533333333333
2020-06-15_12:00,988.37
2020-06-15_18:00,989.6500000000001
2020-06-16_00:00,989.8175
2020-06-16_06:00,989.5755555555556
2020-06-16_12:00,987.6397222222222
2020-06-16_18:00,987.3852777777779
2020-06-17_00:00,986.7602777777779
2020-06-17_06:00,986.1883333333333
2020-06-17_12:00,983.8483333333334
2020-06-17_18:00,982.9858333333333
2020-06-18_00:00,983.1830555555555
2020-06-18_06:00,984.8616666666666
2020-06-18_12:00,986.1713888888888
2020-06-18_18:00,986.8833333333334
2020-06-19_00:00,987.4891666666667
2020-06-19_06:00,987.8147222222223
2020-06-19_12:00,987.7872222222221
2020-06-19_18:00,989.5377777777778
2020-06-20_00:00,991.1474999999999
2020-06-20_06:00,992.7744444444444
2020-06-20_12:00,992.5019444444445
2020-06-20_18:00,992.7375000000001
2020-06-21_00:00,993.2386111111113
2020-06-21_06:00,993.8427777777777
2020-06-21_12:00,993.0769444444444
2020-06-21_18:00,993.3391666666666
2020-06-22_00:00,994.0913888888889
2020-06-22_06:00,995.4775000000001
2020-06-22_12:00,996.7341666666666
2020-06-22_18:00,997.3822222222223
2020-06-23_00:00,998.5391666666668
2020-06-23_06:00,999.1616666666666
2020-06-23_12:00,997.9480555555555
2020-06-23_18:00,998.0408333333334
2020-06-24_00:00,998.3127777777778
2020-06-24_06:00,998.2172222222222
2020-06-24_12:00,996.7377777777778
2020-06-24_18:00,996.5069444444445
2020-06-25_00:00,995.2972222222221
2020-06-25_06:00,994.1438888888889
2020-06-25_12:00,993.1066666666666
2020-06-25_18:00,992.3366666666667
2020-06-26_00:00,991.4263888888888
2020-06-26_06:00,989.8755555555555
2020-06-26_12:00,986.8361111111111
2020-06-26_18:00,985.5261111111112
2020-06-27_00:00,985.3930555555556
2020-06-27_06:00,985.3822222222223
2020-06-27_12:00,984.745
2020-06-27_18:00,985.4919444444445
2020-06-28_00:00,987.0022222222223
2020-06-28_06:00,987.271388888889
2020-06-28_12:00,987.2022222222222
2020-06-28_18:00,988.3158333333334
2020-06-29_00:00,988.0094444444444
2020-06-29_06:00,986.8488888888888
2020-06-29_12:00,985.4905555555555
2020-06-29_18:00,984.7669444444444
2020-06-30_00:00,985.1630555555556
2020-06-30_06:00,985.2136111111112
2020-06-30_12:00,983.9708333333333
2020-06-30_18:00,983.9541666666667
2020-07-01_00:00,983.371388888889
2020-07-01_06:00,982.9847222222221
2020-07-01_12:00,981.1002777777778
2020-07-01_18:00,981.2402777777778
2020-07-02_00:00,983.4136111111111
2020-07-02_06:00,984.6844444444445
2020-07-02_12:00,983.9730555555556
2020-07-02_18:00,985.8805555555555
2020-07-03_00:00,988.4811111111111
2020-07-03_06:00,990.6497222222222
2020-07-03_12:00,990.7594444444444
2020-07-03_18:00,991.2191666666666
2020-07-04_00:00,991.5836111111112
2020-07-04_06:00,991.2794444444444
2020-07-04_12:00,989.1602777777777
2020-07-04_18:00,988.4175
2020-07-05_00:00,987.6586111111111
2020-07-05_06:00,987.1183333333333
2020-07-05_12:00,986.0319444444444
2020-07-05_18:00,984.6333333333334
2020-07-06_00:00,984.1786111111111
2020-07-06_06:00,986.1455555555555
2020-07-06_12:00,988.2558333333333
2020-07-06_18:00,991.8002777777778
2020-07-07_00:00,993.7555555555555
2020-07-07_06:00,994.0861111111111
2020-07-07_12:00,992.2580555555555
2020-07-07_18:00,990.7872222222221
2020-07-08_00:00,990.5269444444444
2020-07-08_06:00,989.4738888888888
2020-07-08_12:00,990.2713888888889
2020-07-08_18:00,990.8269444444444
2020-07-09_00:00,990.2680555555556
2020-07-09_06:00,988.9441666666667
2020-07-09_12:00,986.9566666666667
2020-07-09_18:00,986.0663888888889
2020-07-10_00:00,985.1197222222222
2020-07-10_06:00,981.9180555555556
2020-07-10_12:00,984.616388888889
2020-07-10_18:00,990.2997222222223
2020-07-11_00:00,993.4222222222221
2020-07-11_06:00,995.801111111111
2020-07-11_12:00,996.7524999999999
2020-07-11_18:00,998.1661111111111
2020-07-12_00:00,999.6044444444445
2020-07-12_06:00,1000.8780555555555
2020-07-12_12:00,999.9019444444444
2020-07-12_18:00,999.6636111111111
2020-07-13_00:00,999.5675
2020-07-13_06:00,998.4413888888889
2020-07-13_12:00,994.8230555555555
2020-07-13_18:00,992.6597222222222
2020-07-14_00:00,991.4255555555555
2020-07-14_06:00,989.6469444444444
2020-07-14_12:00,986.5730555555555
2020-07-14_18:00,985.2966666666666
2020-07-15_00:00,986.1424999999999
2020-07-15_06:00,985.8947222222222
2020-07-15_12:00,986.4250000000001
2020-07-15_18:00,988.2125000000001
2020-07-16_00:00,989.1877777777778
2020-07-16_06:00,989.7911111111111
2020-07-16_12:00,989.8399999999999
2020-07-16_18:00,991.0636111111112
2020-07-17_00:00,992.1755555555555
2020-07-17_06:00,993.5922222222222
2020-07-17_12:00,993.3172222222222
2020-07-17_18:00,993.7311111111111
2020-07-18_00:00,994.0116666666667
2020-07-18_06:00,993.7275000000001
2020-07-18_12:00,992.0536111111111
2020-07-18_18:00,991.7838888888889
2020-07-19_00:00,991.8297222222222
2020-07-19_06:00,990.8552777777778
2020-07-19_12:00,988.4769444444444
2020-07-19_18:00,988.2744444444444
2020-07-20_00:00,988.4061111111112
2020-07-20_06:00,989.0933333333334
2020-07-20_12:00,990.9536111111112
2020-07-20_18:00,992.993611111111
2020-07-21_00:00,994.4350000000001
2020-07-21_06:00,995.3552777777778
2020-07-21_12:00,994.51
2020-07-21_18:00,995.3508333333333
2020-07-22_00:00,996.9947222222222
2020-07-22_06:00,996.6305555555555
2020-07-22_12:00,993.7347222222221
2020-07-22_18:00,992.2872222222223
2020-07-23_00:00,992.2763888888888
2020-07-23_06:00,991.5074999999999
2020-07-23_12:00,989.0999999999999
2020-07-23_18:00,987.9030555555556
2020-07-24_00:00,986.6144444444445
2020-07-24_06:00,985.0786111111112
2020-07-24_12:00,983.5061111111112
2020-07-24_18:00,985.0841666666666
2020-07-25_00:00,986.6366666666667
2020-07-25_06:00,987.0411111111111
2020-07-25_12:00,985.8711111111111
2020-07-25_18:00,985.0999999999999
2020-07-26_00:00,983.5861111111111
2020-07-26_06:00,984.428888888889
2020-07-26_12:00,985.5936111111112
2020-07-26_18:00,988.9455555555555
2020-07-27_00:00,991.4775000000001
2020-07-27_06:00,991.4138888888889
2020-07-27_12:00,988.1513888888888
2020-07-27_18:00,985.4066666666666
2020-07-28_00:00,982.8966666666666
2020-07-28_06:00,983.4205555555556
2020-07-28_12:00,984.4441666666667
2020-07-28_18:00,987.0811111111111
2020-07-29_00:00,990.5313888888888
2020-07-29_06:00,992.5208333333334
2020-07-29_12:00,991.8533333333334
2020-07-29_18:00,992.6694444444444
2020-07-30_00:00,994.446111111111
2020-07-30_06:00,994.9975000000001
2020-07-30_12:00,993.0183333333334
2020-07-30_18:00,992.6102777777778
2020-07-31_00:00,993.38
2020-07-31_06:00,993.1758333333333
2020-07-31_12:00,990.998611111111
2020-07-31_18:00,990.5749999999999
2020-08-01_00:00,990.1991666666667
2020-08-01_06:00,988.8725000000001
2020-08-01_12:00,986.5038888888889
2020-08-01_18:00,986.8719444444445
2020-08-02_00:00,986.131388888889
2020-08-02_06:00,986.4838888888888
2020-08-02_12:00,986.7827777777778
2020-08-02_18:00,987.0005555555555
2020-08-03_00:00,986.9836111111113
2020-08-03_06:00,987.1138888888888
2020-08-03_12:00,985.3608333333333
2020-08-03_18:00,984.8441666666666
2020-08-04_00:00,985.8819444444445
2020-08-04_06:00,987.8980555555556
2020-08-04_12:00,989.1700000000001
2020-08-04_18:00,991.0955555555556
2020-08-05_00:00,992.2986111111111
2020-08-05_06:00,993.0027777777777
2020-08-05_12:00,991.6130555555555
2020-08-05_18:00,992.1899999999999
2020-08-06_00:00,993.8711111111111
2020-08-06_06:00,995.113611111111
2020-08-06_12:00,993.8341666666666
2020-08-06_18:00,994.4469444444444
2020-08-07_00:00,995.2544444444445
2020-08-07_06:00,995.7099999999999
2020-08-07_12:00,993.8625000000001
2020-08-07_18:00,993.4775000000001
2020-08-08_00:00,994.2747222222222
2020-08-08_06:00,994.5511111111113
2020-08-08_12:00,992.4430555555555
2020-08-08_18:00,991.9294444444445
2020-08-09_00:00,992.2180555555556
2020-08-09_06:00,992.2411111111111
2020-08-09_12:00,989.758611111111
2020-08-09_18:00,989.9497222222222
2020-08-10_00:00,990.2049999999999
2020-08-10_06:00,991.5383333333333
2020-08-10_12:00,990.935
2020-08-10_18:00,990.7588888888889
2020-08-11_00:00,991.7055555555556
2020-08-11_06:00,992.2075
2020-08-11_12:00,991.1797222222223
2020-08-11_18:00,991.7197222222223
2020-08-12_00:00,992.1155555555556
2020-08-12_06:00,991.9897222222221
2020-08-12_12:00,989.8463888888889
2020-08-12_18:00,989.4552777777777
2020-08-13_00:00,988.7588888888889
2020-08-13_06:00,987.9975
2020-08-13_12:00,987.3741666666667
2020-08-13_18:00,987.5755555555556
2020-08-14_00:00,987.4608333333334
2020-08-14_06:00,987.5613888888888
2020-08-14_12:00,987.3191666666667
2020-08-14_18:00,987.4711111111111
2020-08-15_00:00,987.8811111111112
2020-08-15_06:00,989.1344444444444
2020-08-15_12:00,989.1011111111111
2020-08-15_18:00,988.8186111111112
2020-08-16_00:00,988.4133333333333
2020-08-16_06:00,988.0444444444444
2020-08-16_12:00,985.8558333333333
2020-08-16_18:00,984.6963888888889
2020-08-17_00:00,984.0322222222223
2020-08-17_06:00,984.2116666666667
2020-08-17_12:00,984.3494444444445
2020-08-17_18:00,984.8697222222222
2020-08-18_00:00,984.8847222222222
2020-08-18_06:00,984.9072222222223
2020-08-18_12:00,983.6794444444445
2020-08-18_18:00,985.0186111111111
2020-08-19_00:00,985.6391666666667
2020-08-19_06:00,986.0899999999999
2020-08-19_12:00,984.7052777777777
2020-08-19_18:00,984.0272222222223
2020-08-20_00:00,984.0536111111111
2020-08-20_06:00,984.7469444444445
2020-08-20_12:00,984.6686111111111
2020-08-20_18:00,985.6483333333334
2020-08-21_00:00,985.8508333333333
2020-08-21_06:00,985.3402777777778
2020-08-21_12:00,984.3555555555556
2020-08-21_18:00,985.8855555555555
2020-08-22_00:00,987.4647222222223
2020-08-22_06:00,989.5163888888887
2020-08-22_12:00,989.3408333333332
2020-08-22_18:00,989.8255555555556
2020-08-23_00:00,989.7483333333334
2020-08-23_06:00,989.8894444444444
2020-08-23_12:00,988.8688888888888
2020-08-23_18:00,990.0391666666666
2020-08-24_00:00,990.3575000000001
2020-08-24_06:00,989.8833333333334
2020-08-24_12:00,988.5580555555555
2020-08-24_18:00,988.8577777777778
2020-08-25_00:00,989.2141666666666
2020-08-25_06:00,988.3905555555555
2020-08-25_12:00,985.3755555555555
2020-08-25_18:00,982.4636111111112
2020-08-26_00:00,978.6641666666668
2020-08-26_06:00,979.7855555555556
2020-08-26_12:00,982.8283333333334
2020-08-26_18:00,986.5102777777779
2020-08-27_00:00,989.0047222222222
2020-08-27_06:00,990.2652777777779
2020-08-27_12:00,989.0366666666666
2020-08-27_18:00,986.3597222222221
2020-08-28_00:00,982.255
2020-08-28_06:00,979.2452777777778
2020-08-28_12:00,977.0836111111112
2020-08-28_18:00,976.2280555555556
2020-08-29_00:00,977.2719444444444
2020-08-29_06:00,979.1466666666666
2020-08-29_12:00,979.7372222222223
2020-08-29_18:00,981.2036111111112
2020-08-30_00:00,981.2750000000001
2020-08-30_06:00,981.3283333333334
2020-08-30_12:00,981.0975000000001
2020-08-30_18:00,983.1161111111111
2020-08-31_00:00,986.8708333333333
2020-08-31_06:00,989.9891666666667
2020-08-31_12:00,991.2750000000001
2020-08-31_18:00,991.4202777777778
2020-09-01_00:00,991.113611111111
2020-09-01_06:00,991.5102777777779
2020-09-01_12:00,990.8963888888889
2020-09-01_18:00,991.2197222222223
2020-09-02_00:00,991.3861111111112
2020-09-02_06:00,991.8027777777778
2020-09-02_12:00,991.1419444444444
2020-09-02_18:00,992.6002777777778
2020-09-03_00:00,993.3522222222223
2020-09-03_06:00,994.2419444444445
2020-09-03_12:00,993.8183333333333
2020-09-03_18:00,994.6583333333333
2020-09-04_00:00,994.5958333333333
2020-09-04_06:00,995.3158333333334
2020-09-04_12:00,994.5358333333334
2020-09-04_18:00,993.3344444444444
2020-09-05_00:00,990.7627777777777
2020-09-05_06:00,989.4883333333333
2020-09-05_12:00,990.8591666666666
2020-09-05_18:00,992.1630555555556
2020-09-06_00:00,992.8313888888889
2020-09-06_06:00,993.1550000000001
2020-09-06_12:00,992.4202777777778
2020-09-06_18:00,993.8327777777779
2020-09-07_00:00,995.3144444444445
2020-09-07_06:00,997.0822222222222
2020-09-07_12:00,997.261388888889
2020-09-07_18:00,998.6825
2020-09-08_00:00,999.4044444444444
2020-09-08_06:00,999.7769444444444
2020-09-08_12:00,998.4347222222223
2020-09-08_18:00,998.8513888888889
2020-09-09_00:00,998.1422222222222
2020-09-09_06:00,996.2188888888888
2020-09-09_12:00,992.6244444444445
2020-09-09_18:00,992.3638888888888
2020-09-10_00:00,993.7941666666666
2020-09-10_06:00,996.0366666666666
2020-09-10_12:00,994.3511111111111
2020-09-10_18:00,993.436111111111
2020-09-11_00:00,992.2272222222223
2020-09-11_06:00,991.7405555555556
2020-09-11_12:00,990.326111111111
2020-09-11_18:00,991.0425
2020-09-12_00:00,991.9094444444444
2020-09-12_06:00,992.7794444444444
2020-09-12_12:00,992.3555555555556
2020-09-12_18:00,995.1666666666666
2020-09-13_00:00,998.2658333333334
2020-09-13_06:00,999.8733333333334
2020-09-13_12:00,999.2519444444445
2020-09-13_18:00,1000.3286111111112
2020-09-14_00:00,1001.1283333333334
2020-09-14_06:00,1001.2911111111111
2020-09-14_12:00,999.1875
2020-09-14_18:00,997.7516666666666
2020-09-15_00:00,996.7608333333333
2020-09-15_06:00,995.7188888888888
2020-09-15_12:00,993.2286111111111
2020-09-15_18:00,992.4733333333334
2020-09-16_00:00,992.2472222222223
2020-09-16_06:00,992.4152777777776
2020-09-16_12:00,991.115
2020-09-16_18:00,992.7213888888889
2020-09-17_00:00,996.5999999999999
2020-09-17_06:00,1000.0727777777779
2020-09-17_12:00,1000.6105555555556
2020-09-17_18:00,1001.5316666666666
2020-09-18_00:00,1001.4469444444444
2020-09-18_06:00,1001.8647222222221
2020-09-18_12:00,999.6783333333333
2020-09-18_18:00,998.6138888888888
2020-09-19_00:00,997.3105555555555
2020-09-19_06:00,996.0261111111112
2020-09-19_12:00,993.2855555555556
2020-09-19_18:00,992.3349999999999
2020-09-20_00:00,992.1708333333333
2020-09-20_06:00,991.9358333333334
2020-09-20_12:00,990.3199999999999
2020-09-20_18:00,990.9080555555556
2020-09-21_00:00,991.0875000000001
2020-09-21_06:00,991.2861111111112
2020-09-21_12:00,989.2266666666668
2020-09-21_18:00,988.4619444444444
2020-09-22_00:00,987.3013888888888
2020-09-22_06:00,986.4872222222223
2020-09-22_12:00,983.4005555555555
2020-09-22_18:00,982.0219444444444
2020-09-23_00:00,980.9866666666666
2020-09-23_06:00,980.6872222222222
2020-09-23_12:00,979.5269444444444
2020-09-23_18:00,979.4613888888889
2020-09-24_00:00,978.4444444444445
2020-09-24_06:00,978.9408333333334
2020-09-24_12:00,979.576111111111
2020-09-24_18:00,976.9358333333334
2020-09-25_00:00,973.688888888889
2020-09-25_06:00,972.2427777777777
2020-09-25_12:00,972.4252777777778
2020-09-25_18:00,972.7227777777777
2020-09-26_00:00,971.5733333333333
2020-09-26_06:00,971.1222222222223
2020-09-26_12:00,970.5286111111111
2020-09-26_18:00,971.0008333333333
2020-09-27_00:00,972.8683333333333
2020-09-27_06:00,976.548888888889
2020-09-27_12:00,979.4233333333333
2020-09-27_18:00,982.3113888888888
2020-09-28_00:00,983.2786111111111
2020-09-28_06:00,984.6647222222223
2020-09-28_12:00,984.6427777777777
2020-09-28_18:00,986.9622222222222
2020-09-29_00:00,988.2566666666667
2020-09-29_06:00,990.0458333333333
2020-09-29_12:00,989.8491666666666
2020-09-29_18:00,991.5508333333333
2020-09-30_00:00,991.3552777777778
2020-09-30_06:00,990.8841666666667
2020-09-30_12:00,988.8097222222223
2020-09-30_18:00,987.5211111111112
2020-10-01_00:00,984.7088888888889
2020-10-01_06:00,981.5702777777777
2020-10-01_12:00,977.5630555555555
2020-10-01_18:00,976.7352777777778
2020-10-02_00:00,975.4083333333333
2020-10-02_06:00,973.9250000000001
2020-10-02_12:00,970.4572222222222
2020-10-02_18:00,968.7233333333334
2020-10-03_00:00,966.9486111111112
2020-10-03_06:00,965.5483333333333
2020-10-03_12:00,965.7980555555556
2020-10-03_18:00,968.5727777777779
2020-10-04_00:00,968.9072222222223
2020-10-04_06:00,971.1483333333332
2020-10-04_12:00,974.8083333333333
2020-10-04_18:00,977.4611111111111
2020-10-05_00:00,977.2161111111111
2020-10-05_06:00,977.4649999999999
2020-10-05_12:00,978.0899999999999
2020-10-05_18:00,979.0819444444444
2020-10-06_00:00,978.3588888888888
2020-10-06_06:00,978.3769444444445
2020-10-06_12:00,977.5672222222222
2020-10-06_18:00,976.8930555555556
2020-10-07_00:00,978.6813888888888
2020-10-07_06:00,981.8194444444445
2020-10-07_12:00,985.3097222222223
2020-10-07_18:00,990.0211111111112
2020-10-08_00:00,992.4644444444444
2020-10-08_06:00,992.5169444444444
2020-10-08_12:00,989.8541666666666
2020-10-08_18:00,989.6825
2020-10-09_00:00,990.3269444444444
2020-10-09_06:00,992.7025
2020-10-09_12:00,991.4391666666666
2020-10-09_18:00,990.5127777777777
2020-10-10_00:00,990.1605555555556
2020-10-10_06:00,992.0458333333333
2020-10-10_12:00,993.4619444444444
2020-10-10_18:00,993.7866666666666
2020-10-11_00:00,992.6105555555556
2020-10-11_06:00,992.4352777777777
2020-10-11_12:00,992.1966666666667
2020-10-11_18:00,992.6602777777777
2020-10-12_00:00,992.2249999999999
2020-10-12_06:00,992.1608333333334
2020-10-12_12:00,990.8258333333334
2020-10-12_18:00,991.0366666666666
2020-10-13_00:00,989.3452777777778
2020-10-13_06:00,988.5791666666667
2020-10-13_12:00,987.3252777777777
2020-10-13_18:00,987.3308333333332
2020-10-14_00:00,985.8241666666667
2020-10-14_06:00,984.318888888889
2020-10-14_12:00,983.7691666666667
2020-10-14_18:00,984.9241666666666
2020-10-15_00:00,986.2824999999999
2020-10-15_06:00,988.3130555555555
2020-10-15_12:00,989.7063888888889
2020-10-15_18:00,991.2216666666668
2020-10-16_00:00,991.5758333333334
2020-10-16_06:00,992.7313888888889
2020-10-16_12:00,992.3675000000001
2020-10-16_18:00,993.0133333333334
2020-10-17_00:00,992.3783333333334
2020-10-17_06:00,992.3841666666667
2020-10-17_12:00,992.3163888888889
2020-10-17_18:00,993.0963888888889
2020-10-18_00:00,993.2544444444445
2020-10-18_06:00,994.3136111111112
2020-10-18_12:00,994.0902777777778
2020-10-18_18:00,995.1377777777777
2020-10-19_00:00,995.8241666666667
2020-10-19_06:00,996.7008333333334
2020-10-19_12:00,996.0319444444444
2020-10-19_18:00,995.4316666666667
2020-10-20_00:00,992.7986111111111
2020-10-20_06:00,989.9883333333333
2020-10-20_12:00,987.4583333333334
2020-10-20_18:00,987.5205555555555
2020-10-21_00:00,985.2983333333333
2020-10-21_06:00,984.1066666666666
2020-10-21_12:00,982.9861111111111
2020-10-21_18:00,984.4175
2020-10-22_00:00,986.0944444444444
2020-10-22_06:00,988.3499999999999
2020-10-22_12:00,987.9327777777778
2020-10-22_18:00,987.8541666666666
2020-10-23_00:00,987.2833333333333
2020-10-23_06:00,986.6608333333334
2020-10-23_12:00,984.9794444444445
2020-10-23_18:00,985.6413888888887
2020-10-24_00:00,987.2544444444445
2020-10-24_06:00,989.0558333333333
2020-10-24_12:00,988.4449999999999
2020-10-24_18:00,987.9491666666667
2020-10-25_00:00,985.7152777777778
2020-10-25_06:00,983.6511111111112
2020-10-25_12:00,980.5911111111111
2020-10-25_18:00,979.3444444444444
2020-10-26_00:00,977.8647222222221
2020-10-26_06:00,977.3036111111111
2020-10-26_12:00,977.9991666666667
2020-10-26_18:00,980.3905555555555
2020-10-27_00:00,981.3291666666667
2020-10-27_06:00,983.0408333333334
2020-10-27_12:00,983.8469444444444
2020-10-27_18:00,983.8861111111112
2020-10-28_00:00,982.753611111111
2020-10-28_06:00,983.9847222222221
2020-10-28_12:00,985.1416666666667
2020-10-28_18:00,986.2086111111112
2020-10-29_00:00,984.2458333333333
2020-10-29_06:00,986.7524999999999
2020-10-29_12:00,990.6872222222222
2020-10-29_18:00,992.7719444444444
2020-10-30_00:00,990.8358333333332
2020-10-30_06:00,991.5019444444445
2020-10-30_12:00,992.6463888888889
2020-10-30_18:00,995.2705555555555
2020-10-31_00:00,996.6188888888888
2020-10-31_06:00,997.1949999999999
2020-10-31_12:00,994.6883333333333
2020-10-31_18:00,992.2211111111111
2020-11-01_00:00,991.2347222222221
2020-11-01_06:00,990.3691666666667
2020-11-01_12:00,988.198888888889
2020-11-01_18:00,986.931111111111
2020-11-02_00:00,985.8463888888889
2020-11-02_06:00,986.0911111111111
2020-11-02_12:00,986.0247222222222
2020-11-02_18:00,987.3794444444445
2020-11-03_00:00,992.1230555555555
2020-11-03_06:00,996.2716666666666
2020-11-03_12:00,996.0866666666667
2020-11-03_18:00,997.2833333333333
2020-11-04_00:00,999.8530555555556
2020-11-04_06:00,1003.1641666666668
2020-11-04_12:00,1005.1130555555555
2020-11-04_18:00,1008.4347222222223
2020-11-05_00:00,1010.318888888889
2020-11-05_06:00,1011.876388888889
2020-11-05_12:00,1010.5216666666666
2020-11-05_18:00,1010.4513888888889
2020-11-06_00:00,1009.6155555555556
2020-11-06_06:00,1009.1825
2020-11-06_12:00,1006.8872222222222
2020-11-06_18:00,1005.5194444444444
2020-11-07_00:00,1003.5341666666668
2020-11-07_06:00,1002.0408333333334
2020-11-07_12:00,999.133611111111
2020-11-07_18:00,998.6925
2020-11-08_00:00,998.2033333333334
2020-11-08_06:00,998.4505555555556
2020-11-08_12:00,997.6638888888889
2020-11-08_18:00,998.02
2020-11-09_00:00,998.3758333333333
2020-11-09_06:00,998.8727777777777
2020-11-09_12:00,998.5605555555555
2020-11-09_18:00,999.8805555555555
2020-11-10_00:00,1000.3980555555556
2020-11-10_06:00,1001.1597222222222
2020-11-10_12:00,1000.7524999999999
2020-11-10_18:00,1001.3472222222222
2020-11-11_00:00,1000.8286111111112
2020-11-11_06:00,1000.2058333333334
2020-11-11_12:00,998.2963888888888
2020-11-11_18:00,997.2916666666666
2020-11-12_00:00,995.3127777777778
2020-11-12_06:00,994.0633333333333
2020-11-12_12:00,993.6277777777777
2020-11-12_18:00,994.8319444444444
2020-11-13_00:00,995.1430555555556
2020-11-13_06:00,994.508611111111
2020-11-13_12:00,992.3955555555555
2020-11-13_18:00,992.3852777777779
2020-11-14_00:00,993.0330555555556
2020-11-14_06:00,993.4647222222223
2020-11-14_12:00,992.1019444444444
2020-11-14_18:00,991.323888888889
2020-11-15_00:00,990.0763888888889
2020-11-15_06:00,989.2161111111111
2020-11-15_12:00,985.3577777777778
2020-11-15_18:00,982.8858333333333
2020-11-16_00:00,982.9225
2020-11-16_06:00,986.4513888888889
2020-11-16_12:00,989.9988888888888
2020-11-16_18:00,993.8616666666668
2020-11-17_00:00,996.4616666666667
2020-11-17_06:00,998.3163888888889
2020-11-17_12:00,999.0869444444444
2020-11-17_18:00,1000.5627777777778
2020-11-18_00:00,1000.9319444444445
2020-11-18_06:00,1000.3780555555555
2020-11-18_12:00,997.2466666666666
2020-11-18_18:00,994.3563888888889
2020-11-19_00:00,991.0916666666667
2020-11-19_06:00,990.8416666666667
2020-11-19_12:00,993.0747222222222
2020-11-19_18:00,998.0566666666667
2020-11-20_00:00,1002.0613888888888
2020-11-20_06:00,1004.6277777777777
2020-11-20_12:00,1006.0788888888887
2020-11-20_18:00,1008.2136111111112
2020-11-21_00:00,1008.5422222222221
2020-11-21_06:00,1007.1244444444445
2020-11-21_12:00,1004.2722222222224
2020-11-21_18:00,1002.5438888888889
2020-11-22_00:00,1000.5530555555556
2020-11-22_06:00,999.1550000000001
2020-11-22_12:00,998.323888888889
2020-11-22_18:00,998.8822222222223
2020-11-23_00:00,998.116388888889
2020-11-23_06:00,1000.0241666666667
2020-11-23_12:00,1001.7408333333333
2020-11-23_18:00,1003.1397222222222
2020-11-24_00:00,1002.2461111111111
2020-11-24_06:00,1000.8616666666666
2020-11-24_12:00,998.1544444444444
2020-11-24_18:00,996.4961111111111
2020-11-25_00:00,994.2497222222222
2020-11-25_06:00,993.558888888889
2020-11-25_12:00,992.8383333333334
2020-11-25_18:00,994.2141666666666
2020-11-26_00:00,995.2611111111112
2020-11-26_06:00,995.6891666666666
2020-11-26_12:00,994.8761111111112
2020-11-26_18:00,994.9827777777778
2020-11-27_00:00,994.763611111111
2020-11-27_06:00,994.7608333333333
2020-11-27_12:00,994.2141666666666
2020-11-27_18:00,995.0377777777778
2020-11-28_00:00,995.0622222222222
2020-11-28_06:00,996.2927777777778
2020-11-28_12:00,996.7833333333333
2020-11-28_18:00,998.3822222222223
2020-11-29_00:00,998.4911111111111
2020-11-29_06:00,999.2272222222223
2020-11-29_12:00,999.0505555555555
2020-11-29_18:00,999.803888888889
2020-11-30_00:00,999.5986111111112
2020-11-30_06:00,999.4969444444445
2020-11-30_12:00,995.9783333333334
2020-11-30_18:00,992.3205555555555
2020-12-01_00:00,988.3911111111112
2020-12-01_06:00,987.7574999999999
2020-12-01_12:00,989.4291666666666
2020-12-01_18:00,992.6366666666667
2020-12-02_00:00,993.605
2020-12-02_06:00,992.5258333333334
2020-12-02_12:00,989.3405555555556
2020-12-02_18:00,987.2113888888889
2020-12-03_00:00,984.3430555555556
2020-12-03_06:00,981.3036111111111
2020-12-03_12:00,977.076111111111
2020-12-03_18:00,972.8647222222221
2020-12-04_00:00,968.0391666666668
2020-12-04_06:00,966.5233333333332
2020-12-04_12:00,966.0441666666666
2020-12-04_18:00,966.7669444444444
2020-12-05_00:00,966.7855555555556
2020-12-05_06:00,971.5905555555556
2020-12-05_12:00,975.8774999999999
2020-12-05_18:00,976.6013888888889
2020-12-06_00:00,974.7608333333333
2020-12-06_06:00,973.6277777777777
2020-12-06_12:00,972.7433333333333
2020-12-06_18:00,971.5197222222222
2020-12-07_00:00,969.8255555555556
2020-12-07_06:00,972.6427777777777
2020-12-07_12:00,976.105
2020-12-07_18:00,977.8841666666667
2020-12-08_00:00,977.4716666666668
2020-12-08_06:00,977.9166666666666
2020-12-08_12:00,978.2980555555556
2020-12-08_18:00,979.4855555555556
2020-12-09_00:00,979.9736111111112
2020-12-09_06:00,981.8169444444445
2020-12-09_12:00,982.5077777777777
2020-12-09_18:00,983.0955555555556
2020-12-10_00:00,981.6844444444445
2020-12-10_06:00,980.9350000000001
2020-12-10_12:00,980.2472222222223
2020-12-10_18:00,980.4283333333333
2020-12-11_00:00,978.7402777777778
2020-12-11_06:00,975.9516666666667
2020-12-11_12:00,973.0713888888889
2020-12-11_18:00,971.5577777777778
2020-12-12_00:00,970.9016666666666
2020-12-12_06:00,971.7169444444444
2020-12-12_12:00,974.0619444444445
2020-12-12_18:00,977.385
2020-12-13_00:00,980.2122222222222
2020-12-13_06:00,983.1969444444445
2020-12-13_12:00,985.378611111111
2020-12-13_18:00,987.5188888888889
2020-12-14_00:00,987.4827777777778
2020-12-14_06:00,987.0666666666667
2020-12-14_12:00,986.741388888889
2020-12-14_18:00,986.9402777777777
2020-12-15_00:00,986.048888888889
2020-12-15_06:00,986.0861111111111
2020-12-15_12:00,986.5936111111112
2020-12-15_18:00,988.9486111111112
2020-12-16_00:00,991.3475000000001
2020-12-16_06:00,993.0274999999999
2020-12-16_12:00,992.8436111111112
2020-12-16_18:00,993.6116666666666
2020-12-17_00:00,993.1494444444444
2020-12-17_06:00,993.8911111111112
2020-12-17_12:00,995.2075
2020-12-17_18:00,997.8208333333334
2020-12-18_00:00,998.7033333333334
2020-12-18_06:00,999.1269444444445
2020-12-18_12:00,997.7041666666667
2020-12-18_18:00,996.688888888889
2020-12-19_00:00,995.0236111111111
2020-12-19_06:00,994.0311111111112
2020-12-19_12:00,993.2141666666666
2020-12-19_18:00,994.1166666666666
2020-12-20_00:00,994.3427777777779
2020-12-20_06:00,994.3050000000001
2020-12-20_12:00,994.1883333333333
2020-12-20_18:00,995.7341666666666
2020-12-21_00:00,996.8438888888888
2020-12-21_06:00,996.9608333333332
2020-12-21_12:00,994.4413888888889
2020-12-21_18:00,990.2644444444444
2020-12-22_00:00,985.9775000000001
2020-12-22_06:00,984.9747222222223
2020-12-22_12:00,986.9833333333333
2020-12-22_18:00,988.855
2020-12-23_00:00,988.3266666666667
2020-12-23_06:00,987.813888888889
2020-12-23_12:00,984.4124999999999
2020-12-23_18:00,981.5508333333333
2020-12-24_00:00,980.6316666666667
2020-12-24_06:00,980.2333333333333
2020-12-24_12:00,981.3441666666666
2020-12-24_18:00,985.0875000000001
2020-12-25_00:00,987.105
2020-12-25_06:00,991.2930555555556
2020-12-25_12:00,993.7241666666666
2020-12-25_18:00,995.7913888888888
2020-12-26_00:00,996.3688888888888
2020-12-26_06:00,996.5888888888888
2020-12-26_12:00,994.823888888889
2020-12-26_18:00,991.0597222222223
2020-12-27_00:00,984.1872222222222
2020-12-27_06:00,976.6361111111112
2020-12-27_12:00,968.0922222222222
2020-12-27_18:00,961.4186111111111
2020-12-28_00:00,958.1333333333334
2020-12-28_06:00,956.8058333333333
2020-12-28_12:00,955.9225
2020-12-28_18:00,956.073888888889
2020-12-29_00:00,956.8952777777779
2020-12-29_06:00,959.3425000000001
2020-12-29_12:00,965.2333333333333
2020-12-29_18:00,970.5550000000001
2020-12-30_00:00,972.6380555555556
2020-12-30_06:00,974.8227777777779
2020-12-30_12:00,976.2841666666668
2020-12-30_18:00,978.8205555555555
2020-12-31_00:00,979.8447222222223
2020-12-31_06:00,980.0780555555555
2020-12-31_12:00,977.9983333333334
2020-12-31_18:00,977.9802777777778
2021-01-01_00:00,978.24
